AirConditioner:VariableRefrigerantFlow,Evaporative Condenser Air Flow Rate,61
AirConditioner:VariableRefrigerantFlow,Evaporative Condenser Pump Rated Power Consumption,62
AirConditioner:VariableRefrigerantFlow,Gross Rated Heating Capacity,17
AirConditioner:VariableRefrigerantFlow,Gross Rated Total Cooling Capacity,3
AirConditioner:VariableRefrigerantFlow,Resistive Defrost Heater Capacity,54
AirConditioner:VariableRefrigerantFlow,Water Condenser Volume Flow Rate,59
AirConditioner:VariableRefrigerantFlow:FluidTemperatureControl,Rated Evaporative Capacity,5
AirConditioner:VariableRefrigerantFlow:FluidTemperatureControl,Resistive Defrost Heater Capacity,38
AirConditioner:VariableRefrigerantFlow:FluidTemperatureControl:HR,Rated Evaporative Capacity,5
AirConditioner:VariableRefrigerantFlow:FluidTemperatureControl:HR,Resistive Defrost Heater Capacity,45
AirLoopHVAC,Adjusted Cooling Design Air Flow Rate,nil
AirLoopHVAC,Adjusted Heating Design Air Flow Rate,nil
AirLoopHVAC,Adjusted Main Design Air Flow Rate,nil
AirLoopHVAC,Calculated Heating Air Flow Ratio,nil
AirLoopHVAC,Design Supply Air Flow Rate,4
AirLoopHVAC,Sum of Air Terminal Maximum Flow Rates,nil
AirLoopHVAC,Sum of Air Terminal Maximum Heating Flow Rates,nil
AirLoopHVAC,Sum of Air Terminal Minimum Heating Flow Rates,nil
AirLoopHVAC,User Heating Air Flow Ratio,nil
AirLoopHVAC:Unitary:Furnace:HeatCool,Fraction of Supply Air Flow That Goes Through the Controlling Zone,nil
AirLoopHVAC:Unitary:Furnace:HeatCool,Nominal Cooling Capacity,nil
AirLoopHVAC:Unitary:Furnace:HeatCool,Nominal Heating Capacity,nil
AirLoopHVAC:Unitary:Furnace:HeatCool,Supply Air Flow Rate,nil
AirLoopHVAC:Unitary:Furnace:HeatCool,Maximum Supply Air Temperature,6
AirLoopHVAC:Unitary:Furnace:HeatCool,Maximum Supply Air Temperature from Supplemental Heater,6
AirLoopHVAC:Unitary:Furnace:HeatCool,Cooling Supply Air Flow Rate,7
AirLoopHVAC:Unitary:Furnace:HeatCool,Supply Air Flow Rate During Cooling Operation,7
AirLoopHVAC:Unitary:Furnace:HeatCool,Heating Supply Air Flow Rate,8
AirLoopHVAC:Unitary:Furnace:HeatCool,Supply Air Flow Rate During Heating Operation,8
AirLoopHVAC:Unitary:Furnace:HeatCool,No Load Supply Air Flow Rate,9
AirLoopHVAC:Unitary:Furnace:HeatCool,Supply Air Flow Rate When No Cooling or Heating is Needed,9
AirLoopHVAC:Unitary:Furnace:HeatOnly,Maximum Supply Air Temperature,6
AirLoopHVAC:Unitary:Furnace:HeatOnly,Heating Supply Air Flow Rate,7
AirLoopHVAC:UnitaryHeatCool,Cooling Supply Air Flow Rate,7
AirLoopHVAC:UnitaryHeatCool,Heating Supply Air Flow Rate,8
AirLoopHVAC:UnitaryHeatCool,Maximum Supply Air Temperature,6
AirLoopHVAC:UnitaryHeatCool,No Load Supply Air Flow Rate,9
AirLoopHVAC:UnitaryHeatCool:VAVChangeoverBypass,Cooling Outdoor Air Flow Rate,6
AirLoopHVAC:UnitaryHeatCool:VAVChangeoverBypass,Cooling Supply Air Flow Rate,3
AirLoopHVAC:UnitaryHeatCool:VAVChangeoverBypass,Heating Outdoor Air Flow Rate,7
AirLoopHVAC:UnitaryHeatCool:VAVChangeoverBypass,Heating Supply Air Flow Rate,4
AirLoopHVAC:UnitaryHeatCool:VAVChangeoverBypass,No Load Outdoor Air Flow Rate,8
AirLoopHVAC:UnitaryHeatCool:VAVChangeoverBypass,No Load Supply Air Flow Rate,5
AirLoopHVAC:UnitaryHeatOnly,Heating Supply Air Flow Rate,7
AirLoopHVAC:UnitaryHeatOnly,Maximum Supply Air Temperature,6
AirLoopHVAC:UnitaryHeatPump:AirToAir,Cooling Supply Air Flow Rate,5
AirLoopHVAC:UnitaryHeatPump:AirToAir,Heating Supply Air Flow Rate,6
AirLoopHVAC:UnitaryHeatPump:AirToAir,Maximum Supply Air Temperature from Supplemental Heater,17
AirLoopHVAC:UnitaryHeatPump:AirToAir,No Load Supply Air Flow Rate,7
AirLoopHVAC:UnitaryHeatPump:AirToAir:MultiSpeed,Cooling Speed 1 Supply Air Flow Rate,32
AirLoopHVAC:UnitaryHeatPump:AirToAir:MultiSpeed,Cooling Speed 2 Supply Air Flow Rate,33
AirLoopHVAC:UnitaryHeatPump:AirToAir:MultiSpeed,Cooling Speed 3 Supply Air Flow Rate,34
AirLoopHVAC:UnitaryHeatPump:AirToAir:MultiSpeed,Cooling Speed 4 Supply Air Flow Rate,35
AirLoopHVAC:UnitaryHeatPump:AirToAir:MultiSpeed,Heating Speed 1 Supply Air Flow Rate,28
AirLoopHVAC:UnitaryHeatPump:AirToAir:MultiSpeed,Heating Speed 2 Supply Air Flow Rate,29
AirLoopHVAC:UnitaryHeatPump:AirToAir:MultiSpeed,Heating Speed 3 Supply Air Flow Rate,30
AirLoopHVAC:UnitaryHeatPump:AirToAir:MultiSpeed,Heating Speed 4 Supply Air Flow Rate,31
AirLoopHVAC:UnitaryHeatPump:AirToAir:MultiSpeed,Maximum Supply Air Temperature from Supplemental Heater,17
AirLoopHVAC:UnitaryHeatPump:AirToAir:MultiSpeed,No Load Supply Air Flow Rate,25
AirLoopHVAC:UnitaryHeatPump:WaterToAir,Maximum Supply Air Temperature from Supplemental Heater,21
AirLoopHVAC:UnitaryHeatPump:WaterToAir,Supply Air Flow Rate,5
AirLoopHVAC:UnitarySystem,Cooling Supply Air Flow Rate,23
AirLoopHVAC:UnitarySystem,Heating Supply Air Flow Rate,28
AirLoopHVAC:UnitarySystem,Maximum Supply Air Temperature,39
AirLoopHVAC:UnitarySystem,Minimum Supply Air Temperature,18
AirLoopHVAC:UnitarySystem,No Load Supply Air Flow Rate,33
AirTerminal:DualDuct:ConstantVolume,Maximum Air Flow Rate,6
AirTerminal:DualDuct:VAV,Maximum Damper Air Flow Rate,6
AirTerminal:DualDuct:VAV:OutdoorAir,Maximum Terminal Air Flow Rate,6
AirTerminal:SingleDuct:ConstantVolume:CooledBeam,Beam Length,11
AirTerminal:SingleDuct:ConstantVolume:CooledBeam,Maximum Total Chilled Water Volumetric Flow Rate,9
AirTerminal:SingleDuct:ConstantVolume:CooledBeam,Number of Beams,10
AirTerminal:SingleDuct:ConstantVolume:CooledBeam,Supply Air Volumetric Flow Rate,8
AirTerminal:SingleDuct:ConstantVolume:FourPipeBeam,Design Chilled Water Volume Flow Rate,12
AirTerminal:SingleDuct:ConstantVolume:FourPipeBeam,Design Hot Water Volume Flow Rate,13
AirTerminal:SingleDuct:ConstantVolume:FourPipeBeam,Design Primary Air Volume Flow Rate,11
AirTerminal:SingleDuct:ConstantVolume:FourPipeBeam,Zone Total Beam Length,14
AirTerminal:SingleDuct:ConstantVolume:FourPipeInduction,Maximum Cold Water Flow Rate,15
AirTerminal:SingleDuct:ConstantVolume:FourPipeInduction,Maximum Hot Water Flow Rate,10
AirTerminal:SingleDuct:ConstantVolume:FourPipeInduction,Maximum Total Air Flow Rate,3
AirTerminal:SingleDuct:ConstantVolume:NoReheat,Maximum Air Flow Rate,5
AirTerminal:SingleDuct:ConstantVolume:Reheat,Maximum Air Flow Rate,5
AirTerminal:SingleDuct:ConstantVolume:Reheat,Maximum Hot Water or Steam Flow Rate,8
AirTerminal:SingleDuct:ParallelPIU:Reheat,User-Specified Minimum Primary Air Flow Fraction,nil
AirTerminal:SingleDuct:ParallelPIU:Reheat,Design Size Reheat Coil Inlet Air Temperature,nil
AirTerminal:SingleDuct:ParallelPIU:Reheat,Design Size Reheat Coil Inlet Air Humidity Ratio,nil
AirTerminal:SingleDuct:ParallelPIU:Reheat,Maximum Primary Air Flow Rate,3
AirTerminal:SingleDuct:ParallelPIU:Reheat,Design Size Maximum Primary Air Flow Rate,3
AirTerminal:SingleDuct:ParallelPIU:Reheat,Maximum Secondary Air Flow Rate,4
AirTerminal:SingleDuct:ParallelPIU:Reheat,Design Size Maximum Secondary Air Flow Rate,4
AirTerminal:SingleDuct:ParallelPIU:Reheat,Minimum Primary Air Flow Fraction,5
AirTerminal:SingleDuct:ParallelPIU:Reheat,Design Size Minimum Primary Air Flow Fraction,5
AirTerminal:SingleDuct:ParallelPIU:Reheat,Fan On Flow Fraction,6
AirTerminal:SingleDuct:ParallelPIU:Reheat,Design Size Fan On Flow Fraction,6
AirTerminal:SingleDuct:ParallelPIU:Reheat,Maximum Hot Water or Steam Flow Rate,15
AirTerminal:SingleDuct:ParallelPIU:Reheat,Design Size Maximum Reheat Water Flow Rate,15
AirTerminal:SingleDuct:SeriesPIU:Reheat,User-Specified Minimum Primary Air Flow Fraction,nil
AirTerminal:SingleDuct:SeriesPIU:Reheat,Design Size Reheat Coil Inlet Air Temperature,nil
AirTerminal:SingleDuct:SeriesPIU:Reheat,Design Size Reheat Coil Inlet Air Humidity Ratio,nil
AirTerminal:SingleDuct:SeriesPIU:Reheat,Maximum Air Flow Rate,3
AirTerminal:SingleDuct:SeriesPIU:Reheat,Design Size Maximum Air Flow Rate,3
AirTerminal:SingleDuct:SeriesPIU:Reheat,Maximum Primary Air Flow Rate,4
AirTerminal:SingleDuct:SeriesPIU:Reheat,Design Size Maximum Primary Air Flow Rate,4
AirTerminal:SingleDuct:SeriesPIU:Reheat,Minimum Primary Air Flow Fraction,5
AirTerminal:SingleDuct:SeriesPIU:Reheat,Design Size Minimum Primary Air Flow Fraction,5
AirTerminal:SingleDuct:SeriesPIU:Reheat,Maximum Hot Water or Steam Flow Rate,14
AirTerminal:SingleDuct:SeriesPIU:Reheat,Design Size Maximum Reheat Water Flow Rate,14
AirTerminal:SingleDuct:Uncontrolled,Maximum Air Flow Rate,4
AirTerminal:SingleDuct:Uncontrolled,Design Size Maximum Air Flow Rate,4
AirTerminal:SingleDuct:VAV:HeatAndCool:NoReheat,Maximum Air Flow Rate,5
AirTerminal:SingleDuct:VAV:HeatAndCool:ReHeat,Maximum Air Flow Rate,5
AirTerminal:SingleDuct:VAV:HeatAndCool:ReHeat,Maximum Hot Water or Steam Flow Rate,9
AirTerminal:SingleDuct:VAV:NoReheat,Constant Minimum Air Flow Fraction,7
AirTerminal:SingleDuct:VAV:NoReheat,Fixed Minimum Air Flow Rate,8
AirTerminal:SingleDuct:VAV:NoReheat,Maximum Air Flow Rate,5
AirTerminal:SingleDuct:VAV:Reheat,Design Size Reheat Coil Sizing Air Volume Flow Rate,nil
AirTerminal:SingleDuct:VAV:Reheat,User-Specified Constant Minimum Air Flow Fraction,nil
AirTerminal:SingleDuct:VAV:Reheat,Design Size Reheat Coil Sizing Inlet Air Temperature,nil
AirTerminal:SingleDuct:VAV:Reheat,Design Size Reheat Coil Sizing Inlet Air Humidity Ratio,nil
AirTerminal:SingleDuct:VAV:Reheat,User-Specified Constant Minimum Air Flow Fraction,nil
AirTerminal:SingleDuct:VAV:Reheat,Maximum Air Flow Rate,5
AirTerminal:SingleDuct:VAV:Reheat,Design Size Maximum Air Flow Rate,5
AirTerminal:SingleDuct:VAV:Reheat,Constant Minimum Air Flow Fraction,7
AirTerminal:SingleDuct:VAV:Reheat,Design Size Constant Minimum Air Flow Fraction,7
AirTerminal:SingleDuct:VAV:Reheat,Fixed Minimum Air Flow Rate,8
AirTerminal:SingleDuct:VAV:Reheat,Design Size Minimum Air Flow Rate,8
AirTerminal:SingleDuct:VAV:Reheat,Maximum Hot Water or Steam Flow Rate,12
AirTerminal:SingleDuct:VAV:Reheat,Design Size Maximum Reheat Water Flow Rate,12
AirTerminal:SingleDuct:VAV:Reheat,Maximum Flow per Zone Floor Area During Reheat,17
AirTerminal:SingleDuct:VAV:Reheat,Design Size Maximum Flow per Zone Floor Area during Reheat,17
AirTerminal:SingleDuct:VAV:Reheat,Maximum Flow Fraction During Reheat,18
AirTerminal:SingleDuct:VAV:Reheat,Design Size Maximum Flow Fraction during Reheat,18
AirTerminal:SingleDuct:VAV:Reheat:VariableSpeedFan,Maximum Cooling Air Flow Rate,3
AirTerminal:SingleDuct:VAV:Reheat:VariableSpeedFan,Maximum Heating Air Flow Rate,4
AirTerminal:SingleDuct:VAV:Reheat:VariableSpeedFan,Maximum Hot Water or Steam Flow Rate,12
Boiler:HotWater,Nominal Capacity,3
Boiler:HotWater,Design Size Nominal Capacity,3
Boiler:HotWater,Design Water Flow Rate,7
Boiler:HotWater,Design Size Design Water Flow Rate,7
Boiler:Steam,Nominal Capacity,6
Chiller:Absorption,Design Chilled Water Flow Rate,12
Chiller:Absorption,Design Condenser Water Flow Rate,13
Chiller:Absorption,Design Generator Fluid Flow Rate,25
Chiller:Absorption,Nominal Capacity,2
Chiller:Absorption,Nominal Pumping Power,3
Chiller:Absorption:Indirect,Design Chilled Water Flow Rate,14
Chiller:Absorption:Indirect,Design Condenser Water Flow Rate,15
Chiller:Absorption:Indirect,Design Generator Fluid Flow Rate,27
Chiller:Absorption:Indirect,Nominal Capacity,2
Chiller:Absorption:Indirect,Nominal Pumping Power,3
Chiller:CombustionTurbine,Design Chilled Water Flow Rate,15
Chiller:CombustionTurbine,Design Condenser Water Flow Rate,16
Chiller:CombustionTurbine,Design Heat Recovery Water Flow Rate,51
Chiller:CombustionTurbine,Gas Turbine Engine Capacity,47
Chiller:CombustionTurbine,Nominal Capacity,3
Chiller:ConstantCOP,Design Chilled Water Flow Rate,4
Chiller:ConstantCOP,Design Condenser Water Flow Rate,5
Chiller:ConstantCOP,Nominal Capacity,2
Chiller:Electric,Design Chilled Water Flow Rate,15
Chiller:Electric,Design Condenser Fluid Flow Rate,16
Chiller:Electric,Design Heat Recovery Water Flow Rate,28
Chiller:Electric,Nominal Capacity,3
Chiller:Electric:EIR,Reference Capacity,2
Chiller:Electric:EIR,Design Size Reference Capacity,2
Chiller:Electric:EIR,Reference Chilled Water Flow Rate,6
Chiller:Electric:EIR,Design Size Reference Chilled Water Flow Rate,6
Chiller:Electric:EIR,Reference Condenser Fluid Flow Rate,7
Chiller:Electric:EIR,Design Size Reference Condenser Fluid Flow Rate,7
Chiller:Electric:EIR,Design Size Reference Condenser Fluid Flow Rate ,7
Chiller:Electric:EIR,Design Heat Recovery Water Flow Rate,24
Chiller:Electric:ReformulatedEIR,Design Heat Recovery Water Flow Rate,23
Chiller:Electric:ReformulatedEIR,Reference Capacity,2
Chiller:Electric:ReformulatedEIR,Reference Chilled Water Flow Rate,6
Chiller:Electric:ReformulatedEIR,Reference Condenser Water Flow Rate,7
Chiller:EngineDriven,Design Chilled Water Flow Rate,15
Chiller:EngineDriven,Design Condenser Water Flow Rate,16
Chiller:EngineDriven,Design Heat Recovery Water Flow Rate,38
Chiller:EngineDriven,Nominal Capacity,3
ChillerHeater:Absorption:DirectFired,Design Chilled Water Flow Rate,19
ChillerHeater:Absorption:DirectFired,Design Condenser Water Flow Rate,20
ChillerHeater:Absorption:DirectFired,Design Hot Water Flow Rate,21
ChillerHeater:Absorption:DirectFired,Nominal Cooling Capacity,2
ChillerHeater:Absorption:DoubleEffect,Design Chilled Water Flow Rate,19
ChillerHeater:Absorption:DoubleEffect,Design Condenser Water Flow Rate,20
ChillerHeater:Absorption:DoubleEffect,Design Hot Water Flow Rate,21
ChillerHeater:Absorption:DoubleEffect,Nominal Cooling Capacity,2
ChillerHeaterPerformance:Electric:EIR,Design Chilled Water Flow Rate,14
ChillerHeaterPerformance:Electric:EIR,Design Condenser Water Flow Rate,15
ChillerHeaterPerformance:Electric:EIR,Reference Cooling Mode Evaporator Capacity,2
Coil:Cooling:DX:MultiSpeed,Speed 1 Evaporative Condenser Air Flow Rate,36
Coil:Cooling:DX:MultiSpeed,Speed 1 Gross Rated Sensible Heat Ratio,20
Coil:Cooling:DX:MultiSpeed,Speed 1 Gross Rated Total Cooling Capacity,19
Coil:Cooling:DX:MultiSpeed,Speed 1 Rated Air Flow Rate,22
Coil:Cooling:DX:MultiSpeed,Speed 1 Rated Evaporative Condenser Pump Power Consumption,37
Coil:Cooling:DX:MultiSpeed,Speed 2 Evaporative Condenser Air Flow Rate,55
Coil:Cooling:DX:MultiSpeed,Speed 2 Gross Rated Sensible Heat Ratio,39
Coil:Cooling:DX:MultiSpeed,Speed 2 Gross Rated Total Cooling Capacity,38
Coil:Cooling:DX:MultiSpeed,Speed 2 Rated Air Flow Rate,41
Coil:Cooling:DX:MultiSpeed,Speed 2 Rated Evaporative Condenser Pump Power Consumption,56
Coil:Cooling:DX:MultiSpeed,Speed 3 Evaporative Condenser Air Flow Rate,74
Coil:Cooling:DX:MultiSpeed,Speed 3 Gross Rated Sensible Heat Ratio,58
Coil:Cooling:DX:MultiSpeed,Speed 3 Gross Rated Total Cooling Capacity,57
Coil:Cooling:DX:MultiSpeed,Speed 3 Rated Air Flow Rate,60
Coil:Cooling:DX:MultiSpeed,Speed 3 Rated Evaporative Condenser Pump Power Consumption,75
Coil:Cooling:DX:MultiSpeed,Speed 4 Evaporative Condenser Air Flow Rate,93
Coil:Cooling:DX:MultiSpeed,Speed 4 Gross Rated Sensible Heat Ratio,77
Coil:Cooling:DX:MultiSpeed,Speed 4 Gross Rated Total Cooling Capacity,76
Coil:Cooling:DX:MultiSpeed,Speed 4 Rated Air Flow Rate,79
Coil:Cooling:DX:MultiSpeed,Speed 4 Rated Evaporative Condenser Pump Power Consumption,94
Coil:Cooling:DX:SingleSpeed,Gross Rated Total Cooling Capacity,3
Coil:Cooling:DX:SingleSpeed,Design Size Gross Rated Total Cooling Capacity,3
Coil:Cooling:DX:SingleSpeed,Gross Rated Sensible Heat Ratio,4
Coil:Cooling:DX:SingleSpeed,Design Size Gross Rated Sensible Heat Ratio,4
Coil:Cooling:DX:SingleSpeed,Rated Air Flow Rate,6
Coil:Cooling:DX:SingleSpeed,Design Size Rated Air Flow Rate,6
Coil:Cooling:DX:SingleSpeed,Evaporative Condenser Air Flow Rate,23
Coil:Cooling:DX:SingleSpeed,Evaporative Condenser Pump Rated Power Consumption,24
Coil:Cooling:DX:SingleSpeed:ThermalStorage,Cooling Only Mode Rated Total Evaporator Cooling Capacity,17
Coil:Cooling:DX:SingleSpeed:ThermalStorage,Evaporative Condenser Pump Rated Power Consumption,95
Coil:Cooling:DX:SingleSpeed:ThermalStorage,Rated Evaporator Air Flow Rate,13
Coil:Cooling:DX:TwoSpeed,High Speed Gross Rated Total Cooling Capacity,3
Coil:Cooling:DX:TwoSpeed,Design Size High Speed Gross Rated Total Cooling Capacity,3
Coil:Cooling:DX:TwoSpeed,High Speed Rated Sensible Heat Ratio,4
Coil:Cooling:DX:TwoSpeed,Design Size High Speed Rated Sensible Heat Ratio,4
Coil:Cooling:DX:TwoSpeed,High Speed Rated Air Flow Rate,6
Coil:Cooling:DX:TwoSpeed,Design Size High Speed Rated Air Flow Rate,6
Coil:Cooling:DX:TwoSpeed,Low Speed Gross Rated Total Cooling Capacity,15
Coil:Cooling:DX:TwoSpeed,Design Size Low Speed Gross Rated Total Cooling Capacity,15
Coil:Cooling:DX:TwoSpeed,Low Speed Gross Rated Sensible Heat Ratio,16
Coil:Cooling:DX:TwoSpeed,Design Size Low Speed Gross Rated Sensible Heat Ratio,16
Coil:Cooling:DX:TwoSpeed,Low Speed Rated Air Flow Rate,18
Coil:Cooling:DX:TwoSpeed,Design Size Low Speed Rated Air Flow Rate,18
Coil:Cooling:DX:TwoSpeed,High Speed Evaporative Condenser Air Flow Rate,25
Coil:Cooling:DX:TwoSpeed,High Speed Evaporative Condenser Pump Rated Power Consumption,26
Coil:Cooling:DX:TwoSpeed,Low Speed Evaporative Condenser Air Flow Rate,28
Coil:Cooling:DX:TwoSpeed,Low Speed Evaporative Condenser Pump Rated Power Consumption,29
Coil:Cooling:DX:VariableRefrigerantFlow,Gross Rated Sensible Heat Ratio,4
Coil:Cooling:DX:VariableRefrigerantFlow,Gross Rated Total Cooling Capacity,3
Coil:Cooling:DX:VariableRefrigerantFlow,Rated Air Flow Rate,5
Coil:Cooling:DX:VariableRefrigerantFlow:FLUIDTEMPERATURECONTROL,Rated Sensible Heat Ratio,6
Coil:Cooling:DX:VariableRefrigerantFlow:FLUIDTEMPERATURECONTROL,Rated Total Cooling Capacity,5
Coil:Cooling:DX:VariableSpeed,Evaporative Condenser Pump Rated Power Consumption,13
Coil:Cooling:DX:VariableSpeed,Gross Rated Total Cooling Capacity At Selected Nominal Speed Level,6
Coil:Cooling:DX:VariableSpeed,Rated Air Flow Rate At Selected Nominal Speed Level,7
Coil:Cooling:Water,Design Size Design Coil Load,nil
Coil:Cooling:Water,Design Size Rated Capacity,nil
Coil:Cooling:Water,Design Size Maximum Water Flow Rate,nil
Coil:Cooling:Water,Design Size U-Factor Times Area Value,nil
Coil:Cooling:Water,Design Water Flow Rate,3
Coil:Cooling:Water,Design Size Design Water Flow Rate,3
Coil:Cooling:Water,Design Air Flow Rate,4
Coil:Cooling:Water,Design Size Design Air Flow Rate,4
Coil:Cooling:Water,User-Specified Design Air Flow Rate,4
Coil:Cooling:Water,Design Inlet Water Temperature,5
Coil:Cooling:Water,Design Size Design Inlet Water Temperature,5
Coil:Cooling:Water,Design Inlet Air Temperature,6
Coil:Cooling:Water,Design Size Design Inlet Air Temperature,6
Coil:Cooling:Water,Design Outlet Air Temperature,7
Coil:Cooling:Water,Design Size Design Outlet Air Temperature,7
Coil:Cooling:Water,Design Inlet Air Humidity Ratio,8
Coil:Cooling:Water,Design Size Design Inlet Air Humidity Ratio,8
Coil:Cooling:Water,Design Outlet Air Humidity Ratio,9
Coil:Cooling:Water,Design Size Design Outlet Air Humidity Ratio,9
Coil:Cooling:Water:DetailedGeometry,Coil Depth,8
Coil:Cooling:Water:DetailedGeometry,Fin Diameter,9
Coil:Cooling:Water:DetailedGeometry,Fin Surface Area,6
Coil:Cooling:Water:DetailedGeometry,Maximum Water Flow Rate,3
Coil:Cooling:Water:DetailedGeometry,Minimum Airflow Area,7
Coil:Cooling:Water:DetailedGeometry,Number of Tubes per Row,18
Coil:Cooling:Water:DetailedGeometry,Total Tube Inside Area,5
Coil:Cooling:Water:DetailedGeometry,Tube Outside Surface Area,4
Coil:Cooling:WaterToAirHeatPump:EquationFit,Gross Rated Sensible Cooling Capacity,9
Coil:Cooling:WaterToAirHeatPump:EquationFit,Gross Rated Total Cooling Capacity,8
Coil:Cooling:WaterToAirHeatPump:EquationFit,Rated Air Flow Rate,6
Coil:Cooling:WaterToAirHeatPump:EquationFit,Rated Water Flow Rate,7
Coil:Cooling:WaterToAirHeatPump:VariableSpeedEquationFit,Gross Rated Total Cooling Capacity At Selected Nominal Speed Level,8
Coil:Cooling:WaterToAirHeatPump:VariableSpeedEquationFit,Rated Air Flow Rate At Selected Nominal Speed Level,9
Coil:Cooling:WaterToAirHeatPump:VariableSpeedEquationFit,Rated Water Flow Rate At Selected Nominal Speed Level,10
Coil:Heating:DX:MultiSpeed,Resistive Defrost Heater Capacity,14
Coil:Heating:DX:MultiSpeed,Speed 1 Gross Rated Heating Capacity,19
Coil:Heating:DX:MultiSpeed,Speed 1 Rated Air Flow Rate,21
Coil:Heating:DX:MultiSpeed,Speed 1 Secondary Coil Air Flow Rate,64
Coil:Heating:DX:MultiSpeed,Speed 2 Gross Rated Heating Capacity,30
Coil:Heating:DX:MultiSpeed,Speed 2 Rated Air Flow Rate,32
Coil:Heating:DX:MultiSpeed,Speed 2 Secondary Coil Air Flow Rate,69
Coil:Heating:DX:MultiSpeed,Speed 3 Gross Rated Heating Capacity,41
Coil:Heating:DX:MultiSpeed,Speed 3 Rated Air Flow Rate,43
Coil:Heating:DX:MultiSpeed,Speed 3 Secondary Coil Air Flow Rate,74
Coil:Heating:DX:MultiSpeed,Speed 4 Gross Rated Heating Capacity,52
Coil:Heating:DX:MultiSpeed,Speed 4 Rated Air Flow Rate,54
Coil:Heating:DX:MultiSpeed,Speed 4 Secondary Coil Air Flow Rate,79
Coil:Heating:DX:SingleSpeed,Gross Rated Heating Capacity,3
Coil:Heating:DX:SingleSpeed,Design Size Gross Rated Heating Capacity,3
Coil:Heating:DX:SingleSpeed,Rated Air Flow Rate,5
Coil:Heating:DX:SingleSpeed,Design Size Rated Air Flow Rate,5
Coil:Heating:DX:SingleSpeed,Resistive Defrost Heater Capacity,23
Coil:Heating:DX:SingleSpeed,Secondary Coil Air Flow Rate,27
Coil:Heating:DX:VariableRefrigerantFlow,Gross Rated Heating Capacity,3
Coil:Heating:DX:VariableRefrigerantFlow,Rated Air Flow Rate,4
Coil:Heating:DX:VariableRefrigerantFlow:FLUIDTEMPERATURECONTROL,Rated Total Heating Capacity,5
Coil:Heating:DX:VariableSpeed,Rated Air Flow Rate At Selected Nominal Speed Level,7
Coil:Heating:DX:VariableSpeed,Rated Heating Capacity At Selected Nominal Speed Level,6
Coil:Heating:DX:VariableSpeed,Resistive Defrost Heater Capacity,18
Coil:Heating:Electric,Nominal Capacity,4
Coil:Heating:Electric,Design Size Nominal Capacity,4
Coil:Heating:Electric:MultiStage,Stage 1 Nominal Capacity,8
Coil:Heating:Electric:MultiStage,Stage 2 Nominal Capacity,10
Coil:Heating:Electric:MultiStage,Stage 3 Nominal Capacity,12
Coil:Heating:Electric:MultiStage,Stage 4 Nominal Capacity,14
Coil:Heating:Fuel,Nominal Capacity,5
Coil:Heating:Fuel,Design Size Nominal Capacity,5
Coil:Heating:Gas:MultiStage,Stage 1 Nominal Capacity,10
Coil:Heating:Gas:MultiStage,Stage 2 Nominal Capacity,13
Coil:Heating:Gas:MultiStage,Stage 3 Nominal Capacity,16
Coil:Heating:Gas:MultiStage,Stage 4 Nominal Capacity,19
Coil:Heating:Steam,Maximum Steam Flow Rate,3
Coil:Heating:Water,U-Factor Times Area Value,3
Coil:Heating:Water,Design Size U-Factor Times Area Value,3
Coil:Heating:Water,Maximum Water Flow Rate,4
Coil:Heating:Water,Design Size Maximum Water Flow Rate,4
Coil:Heating:Water,Rated Capacity,10
Coil:Heating:Water,Design Size Rated Capacity,10
Coil:Heating:WaterToAirHeatPump:EquationFit,Gross Rated Heating Capacity,8
Coil:Heating:WaterToAirHeatPump:EquationFit,Rated Air Flow Rate,6
Coil:Heating:WaterToAirHeatPump:EquationFit,Rated Water Flow Rate,7
Coil:Heating:WaterToAirHeatPump:VariableSpeedEquationFit,Rated Air Flow Rate At Selected Nominal Speed Level,9
Coil:Heating:WaterToAirHeatPump:VariableSpeedEquationFit,Rated Heating Capacity At Selected Nominal Speed Level,8
Coil:Heating:WaterToAirHeatPump:VariableSpeedEquationFit,Rated Water Flow Rate At Selected Nominal Speed Level,10
CoilPerformance:DX:Cooling,Evaporative Condenser Air Flow Rate,19
CoilPerformance:DX:Cooling,Evaporative Condenser Pump Rated Power Consumption,20
CoilPerformance:DX:Cooling,Gross Rated Sensible Heat Ratio,3
CoilPerformance:DX:Cooling,Gross Rated Total Cooling Capacity,2
CoilPerformance:DX:Cooling,Rated Air Flow Rate,5
CondenserLoop,Maximum Loop Flow Rate,8
Controller:OutdoorAir,Minimum Outdoor Air Flow Rate,6
Controller:OutdoorAir,Maximum Outdoor Air Flow Rate,7
Controller:WaterCoil,Controller Convergence Tolerance,7
Controller:WaterCoil,Maximum Actuated Flow,8
CoolingTower:SINGLESPEED,Design Air Flow Rate,5
CoolingTower:SINGLESPEED,Design Approach Temperature,19
CoolingTower:SINGLESPEED,Design Fan Power,6
CoolingTower:SINGLESPEED,Design Range Temperature,20
CoolingTower:SINGLESPEED,Design U-Factor Times Area Value,7
CoolingTower:SINGLESPEED,Design Water Flow Rate,4
CoolingTower:TWOSPEED,Design Approach Temperature,27
CoolingTower:TWOSPEED,Design Range Temperature,28
CoolingTower:TWOSPEED,Design Water Flow Rate,4
CoolingTower:TWOSPEED,High Fan Speed Air Flow Rate,5
CoolingTower:TWOSPEED,High Fan Speed Fan Power,6
CoolingTower:TWOSPEED,High Fan Speed U-Factor Times Area Value,7
CoolingTower:VARIABLESPEED,Design Air Flow Rate,10
CoolingTower:VARIABLESPEED,Design Fan Power,11
CoolingTower:VARIABLESPEED,Design Water Flow Rate,9
CoolingTower:VARIABLESPEED:MERKEL,Design Air Flow Rate U-Factor Times Area Value,19
CoolingTower:VARIABLESPEED:MERKEL,Design Approach Temperature,27
CoolingTower:VARIABLESPEED:MERKEL,Design Range Temperature,28
CoolingTower:VARIABLESPEED:MERKEL,Design Water Flow Rate,9
CoolingTower:VARIABLESPEED:MERKEL,Nominal Capacity,6
DESIGNSPECIFICATION:ZONEHVAC:SIZING,Cooling Design Capacity,18
DESIGNSPECIFICATION:ZONEHVAC:SIZING,Cooling Supply Air Flow Rate,3
DESIGNSPECIFICATION:ZONEHVAC:SIZING,Heating Design Capacity,22
DESIGNSPECIFICATION:ZONEHVAC:SIZING,Heating Supply Air Flow Rate,13
DESIGNSPECIFICATION:ZONEHVAC:SIZING,No Load Supply Air Flow Rate,8
DISTRICTCOOLING,Nominal Capacity,4
DISTRICTHEATING,Nominal Capacity,4
EVAPORATIVECOOLER:DIRECT:CELDEKPAD,Direct Pad Area,3
EVAPORATIVECOOLER:DIRECT:CELDEKPAD,Direct Pad Depth,4
EVAPORATIVECOOLER:DIRECT:RESEARCHSPECIAL,Primary Air Design Flow Rate,5
EVAPORATIVECOOLER:DIRECT:RESEARCHSPECIAL,Recirculating Water Pump Design Power,6
EVAPORATIVECOOLER:INDIRECT:CELDEKPAD,Direct Pad Area,3
EVAPORATIVECOOLER:INDIRECT:CELDEKPAD,Direct Pad Depth,4
EVAPORATIVECOOLER:INDIRECT:RESEARCHSPECIAL,Primary Air Design Flow Rate,17
EVAPORATIVECOOLER:INDIRECT:RESEARCHSPECIAL,Recirculating Water Pump Design Power,7
EVAPORATIVECOOLER:INDIRECT:RESEARCHSPECIAL,Secondary Air Design Flow Rate,10
EVAPORATIVECOOLER:INDIRECT:RESEARCHSPECIAL,Secondary Air Fan Design Power,12
EVAPORATIVEFLUIDCOOLER:SINGLESPEED,Design Air Flow Rate Fan Power,5
EVAPORATIVEFLUIDCOOLER:SINGLESPEED,Design Air Flow Rate U-factor Times Area Value,11
EVAPORATIVEFLUIDCOOLER:SINGLESPEED,Design Air Flow Rate,4
EVAPORATIVEFLUIDCOOLER:SINGLESPEED,Design Water Flow Rate,12
EVAPORATIVEFLUIDCOOLER:TWOSPEED,Design Water Flow Rate,20
EVAPORATIVEFLUIDCOOLER:TWOSPEED,High Fan Speed Air Flow Rate,4
EVAPORATIVEFLUIDCOOLER:TWOSPEED,High Fan Speed Fan Power,5
EVAPORATIVEFLUIDCOOLER:TWOSPEED,High Fan Speed U-factor Times Area Value,17
Fan:ComponentModel,Belt Maximum Torque,14
Fan:ComponentModel,Maximum Flow Rate,5
Fan:ComponentModel,Maximum Motor Output Power,18
Fan:ComponentModel,Maximum VFD Output Power,22
Fan:ComponentModel,Minimum Flow Rate,6
Fan:ComponentModel,Motor Fan Pulley Ratio,13
Fan:ConstantVolume,Maximum Flow Rate,5
Fan:ConstantVolume,Design Size Maximum Flow Rate,5
Fan:OnOff,Maximum Flow Rate,5
Fan:OnOff,Design Size Maximum Flow Rate,5
Fan:SystemModel,Design Electric Power Consumption,11
Fan:SystemModel,Design Maximum Air Flow Rate,5
Fan:VariableVolume,Maximum Flow Rate,5
Fan:VariableVolume,Design Size Maximum Flow Rate,5
FanPerformance:NightVentilation,Maximum Flow Rate,4
FluidCooler:SingleSpeed,Design Air Flow Rate Fan Power,12
FluidCooler:SingleSpeed,Design Air Flow Rate U-factor Times Area Value,5
FluidCooler:SingleSpeed,Design Air Flow Rate,11
FluidCooler:SingleSpeed,Design Water Flow Rate,10
FluidCooler:TWOSPEED,Design Water Flow Rate,14
FluidCooler:TWOSPEED,High Fan Speed Air Flow Rate,15
FluidCooler:TWOSPEED,High Fan Speed Fan Power,16
FluidCooler:TWOSPEED,High Fan Speed U-factor Times Area Value,5
HeaderedPumps:ConstantSpeed,Design Power Consumption,8
HeaderedPumps:ConstantSpeed,Total Design Flow Rate,4
HeaderedPumps:VariableSpeed,Design Power Consumption,8
HeaderedPumps:VariableSpeed,Total Design Flow Rate,4
HeatExchanger:AirToAir:FlatPlate,Nominal Secondary Air Flow Rate,9
HeatExchanger:AirToAir:FlatPlate,Nominal Supply Air Flow Rate,6
HeatExchanger:AirToAir:SensibleAndLatent,Nominal Supply Air Flow Rate,3
HeatExchanger:Desiccant:BalancedFlow:PerformanceDataType1,Nominal Air Face Velocity,3
HeatExchanger:Desiccant:BalancedFlow:PerformanceDataType1,Nominal Air Flow Rate,2
HeatExchanger:FluidToFluid,Heat Exchanger U-Factor Times Area Value,10
HeatExchanger:FluidToFluid,Loop Demand Side Design Flow Rate,5
HeatExchanger:FluidToFluid,Loop Supply Side Design Flow Rate,8
HeatPUMP:WATERTOWATER:EQUATIONFIT:COOLING,Reference Cooling Capacity,8
HeatPUMP:WATERTOWATER:EQUATIONFIT:COOLING,Reference Cooling Power Consumption,9
HeatPUMP:WATERTOWATER:EQUATIONFIT:COOLING,Reference Load Side Flow Rate,6
HeatPUMP:WATERTOWATER:EQUATIONFIT:COOLING,Reference Source Side Flow Rate,7
HeatPUMP:WATERTOWATER:EQUATIONFIT:HEATING,Reference Heating Capacity,8
HeatPUMP:WATERTOWATER:EQUATIONFIT:HEATING,Reference Heating Power Consumption,9
HeatPUMP:WATERTOWATER:EQUATIONFIT:HEATING,Reference Load Side Flow Rate,6
HeatPUMP:WATERTOWATER:EQUATIONFIT:HEATING,Reference Source Side Flow Rate,7
HUMIDIFIER:STEAM:ELECTRIC,Rated Capacity,3
HUMIDIFIER:STEAM:ELECTRIC,Rated Power,4
HUMIDIFIER:STEAM:GAS,Rated Capacity,3
HUMIDIFIER:STEAM:GAS,Rated Gas Use Rate,4
HVACTEMPLATE:PLANT:BOILER,Capacity,3
HVACTEMPLATE:PLANT:CHILLER,Capacity,3
HVACTEMPLATE:PLANT:TOWER,Free Convection Capacity,7
HVACTEMPLATE:PLANT:TOWER,High Speed Fan Power,4
HVACTEMPLATE:PLANT:TOWER,High Speed Nominal Capacity,3
HVACTEMPLATE:PLANT:TOWER,Low Speed Fan Power,6
HVACTEMPLATE:PLANT:TOWER,Low Speed Nominal Capacity,5
HVACTEMPLATE:SYSTEM:CONSTANTVOLUME,Heating Coil Capacity,29
HVACTEMPLATE:SYSTEM:CONSTANTVOLUME,Humidifier Rated Electric Power,62
HVACTEMPLATE:SYSTEM:CONSTANTVOLUME,Maximum Outdoor Air Flow Rate,38
HVACTEMPLATE:SYSTEM:CONSTANTVOLUME,Minimum Outdoor Air Flow Rate,39
HVACTEMPLATE:SYSTEM:CONSTANTVOLUME,Supply Fan Maximum Flow Rate,3
HVACTEMPLATE:SYSTEM:DEDICATEDOUTDOORAIR,DX Cooling Coil Gross Rated Sensible Heat Ratio,20
HVACTEMPLATE:SYSTEM:DEDICATEDOUTDOORAIR,DX Cooling Coil Gross Rated Total Capacity,19
HVACTEMPLATE:SYSTEM:DEDICATEDOUTDOORAIR,Humidifier Rated Electric Power,43
HVACTEMPLATE:SYSTEM:DEDICATEDOUTDOORAIR,Supply Fan Flow Rate,4
HVACTEMPLATE:SYSTEM:DUALDUCT,Cold Duct Supply Fan Maximum Flow Rate,11
HVACTEMPLATE:SYSTEM:DUALDUCT,Heating Coil Capacity,45
HVACTEMPLATE:SYSTEM:DUALDUCT,Hot Duct Supply Fan Maximum Flow Rate,19
HVACTEMPLATE:SYSTEM:DUALDUCT,Humidifier Rated Electric Power,81
HVACTEMPLATE:SYSTEM:DUALDUCT,Main Supply Fan Maximum Flow Rate,4
HVACTEMPLATE:SYSTEM:DUALDUCT,Maximum Outdoor Air Flow Rate,54
HVACTEMPLATE:SYSTEM:DUALDUCT,Minimum Outdoor Air Flow Rate,55
HVACTEMPLATE:SYSTEM:PACKAGEDVAV,Cooling Coil Gross Rated Sensible Heat Ratio,15
HVACTEMPLATE:SYSTEM:PACKAGEDVAV,Cooling Coil Gross Rated Total Capacity,14
HVACTEMPLATE:SYSTEM:PACKAGEDVAV,Heating Coil Capacity,21
HVACTEMPLATE:SYSTEM:PACKAGEDVAV,Humidifier Rated Electric Power,50
HVACTEMPLATE:SYSTEM:PACKAGEDVAV,Maximum Outdoor Air Flow Rate,24
HVACTEMPLATE:SYSTEM:PACKAGEDVAV,Minimum Outdoor Air Flow Rate,25
HVACTEMPLATE:SYSTEM:PACKAGEDVAV,Supply Fan Maximum Flow Rate,3
HVACTEMPLATE:SYSTEM:PACKAGEDVAV,Supply Fan Minimum Flow Rate,4
HVACTEMPLATE:SYSTEM:UNITARY,Cooling Coil Gross Rated Sensible Heat Ratio,14
HVACTEMPLATE:SYSTEM:UNITARY,Cooling Coil Gross Rated Total Capacity,13
HVACTEMPLATE:SYSTEM:UNITARY,Heating Coil Capacity,19
HVACTEMPLATE:SYSTEM:UNITARY,Humidifier Rated Electric Power,44
HVACTEMPLATE:SYSTEM:UNITARY,Maximum Outdoor Air Flow Rate,22
HVACTEMPLATE:SYSTEM:UNITARY,Minimum Outdoor Air Flow Rate,23
HVACTEMPLATE:SYSTEM:UNITARY,Supply Fan Maximum Flow Rate,4
HVACTEMPLATE:SYSTEM:UNITARYHEATPUMP:AIRTOAIR,Cooling Coil Gross Rated Sensible Heat Ratio,17
HVACTEMPLATE:SYSTEM:UNITARYHEATPUMP:AIRTOAIR,Cooling Coil Gross Rated Total Capacity,16
HVACTEMPLATE:SYSTEM:UNITARYHEATPUMP:AIRTOAIR,Cooling Supply Air Flow Rate,4
HVACTEMPLATE:SYSTEM:UNITARYHEATPUMP:AIRTOAIR,Heat Pump Heating Coil Gross Rated Capacity,22
HVACTEMPLATE:SYSTEM:UNITARYHEATPUMP:AIRTOAIR,Heating Supply Air Flow Rate,5
HVACTEMPLATE:SYSTEM:UNITARYHEATPUMP:AIRTOAIR,Humidifier Rated Electric Power,54
HVACTEMPLATE:SYSTEM:UNITARYHEATPUMP:AIRTOAIR,Maximum Outdoor Air Flow Rate,35
HVACTEMPLATE:SYSTEM:UNITARYHEATPUMP:AIRTOAIR,Minimum Outdoor Air Flow Rate,36
HVACTEMPLATE:SYSTEM:UNITARYHEATPUMP:AIRTOAIR,No Load Supply Air Flow Rate,6
HVACTEMPLATE:SYSTEM:UNITARYHEATPUMP:AIRTOAIR,Supplemental Heating Coil Capacity,31
HVACTEMPLATE:SYSTEM:UNITARYSYSTEM,Cooling Supply Air Flow Rate,5
HVACTEMPLATE:SYSTEM:UNITARYSYSTEM,DX Cooling Coil Gross Rated Sensible Heat Ratio,19
HVACTEMPLATE:SYSTEM:UNITARYSYSTEM,DX Cooling Coil Gross Rated Total Capacity,18
HVACTEMPLATE:SYSTEM:UNITARYSYSTEM,Heating Coil Gross Rated Capacity,25
HVACTEMPLATE:SYSTEM:UNITARYSYSTEM,Heating Supply Air Flow Rate,6
HVACTEMPLATE:SYSTEM:UNITARYSYSTEM,Humidifier Rated Electric Power,62
HVACTEMPLATE:SYSTEM:UNITARYSYSTEM,Maximum Outdoor Air Flow Rate,40
HVACTEMPLATE:SYSTEM:UNITARYSYSTEM,Minimum Outdoor Air Flow Rate,41
HVACTEMPLATE:SYSTEM:UNITARYSYSTEM,No Load Supply Air Flow Rate,7
HVACTEMPLATE:SYSTEM:UNITARYSYSTEM,Supplemental Heating or Reheat Coil Capacity,36
HVACTEMPLATE:SYSTEM:VAV,Humidifier Rated Electric Power,52
HVACTEMPLATE:SYSTEM:VAV,Maximum Outdoor Air Flow Rate,25
HVACTEMPLATE:SYSTEM:VAV,Minimum Outdoor Air Flow Rate,26
HVACTEMPLATE:SYSTEM:VAV,Supply Fan Maximum Flow Rate,3
HVACTEMPLATE:SYSTEM:VAV,Supply Fan Minimum Flow Rate,4
HVACTEMPLATE:SYSTEM:VRF,Evaporative Condenser Air Flow Rate,32
HVACTEMPLATE:SYSTEM:VRF,Evaporative Condenser Pump Rated Power Consumption,33
HVACTEMPLATE:SYSTEM:VRF,Gross Rated Heating Capacity,7
HVACTEMPLATE:SYSTEM:VRF,Gross Rated Total Cooling Capacity,3
HVACTEMPLATE:SYSTEM:VRF,Resistive Defrost Heater Capacity,27
HVACTEMPLATE:SYSTEM:VRF,Water Condenser Volume Flow Rate,30
HVACTEMPLATE:ZONE:BASEBOARDHEAT,Baseboard Heating Capacity,6
HVACTEMPLATE:ZONE:CONSTANTVOLUME,Baseboard Heating Capacity,20
HVACTEMPLATE:ZONE:CONSTANTVOLUME,Supply Air Maximum Flow Rate,4
HVACTEMPLATE:ZONE:DUALDUCT,Baseboard Heating Capacity,20
HVACTEMPLATE:ZONE:DUALDUCT,Supply Air Maximum Flow Rate,4
HVACTEMPLATE:ZONE:FANCOIL,Baseboard Heating Capacity,34
HVACTEMPLATE:ZONE:FANCOIL,Supply Air Maximum Flow Rate,3
HVACTEMPLATE:ZONE:IDEALLOADSAIRSYSTEM,Maximum Cooling Air Flow Rate,12
HVACTEMPLATE:ZONE:IDEALLOADSAIRSYSTEM,Maximum Heating Air Flow Rate,9
HVACTEMPLATE:ZONE:IDEALLOADSAIRSYSTEM,Maximum Sensible Heating Capacity,10
HVACTEMPLATE:ZONE:IDEALLOADSAIRSYSTEM,Maximum Total Cooling Capacity,13
HVACTEMPLATE:ZONE:PTAC,Baseboard Heating Capacity,39
HVACTEMPLATE:ZONE:PTAC,Cooling Coil Gross Rated Sensible Heat Ratio,21
HVACTEMPLATE:ZONE:PTAC,Cooling Coil Gross Rated Total Capacity,20
HVACTEMPLATE:ZONE:PTAC,Cooling Supply Air Flow Rate,3
HVACTEMPLATE:ZONE:PTAC,Heating Coil Capacity,25
HVACTEMPLATE:ZONE:PTAC,Heating Supply Air Flow Rate,4
HVACTEMPLATE:ZONE:PTAC,No Load Supply Air Flow Rate,5
HVACTEMPLATE:ZONE:PTHP,Baseboard Heating Capacity,49
HVACTEMPLATE:ZONE:PTHP,Cooling Coil Gross Rated Sensible Heat Ratio,21
HVACTEMPLATE:ZONE:PTHP,Cooling Coil Gross Rated Total Capacity,20
HVACTEMPLATE:ZONE:PTHP,Cooling Supply Air Flow Rate,3
HVACTEMPLATE:ZONE:PTHP,Heat Pump Heating Coil Gross Rated Capacity,25
HVACTEMPLATE:ZONE:PTHP,Heating Supply Air Flow Rate,4
HVACTEMPLATE:ZONE:PTHP,No Load Supply Air Flow Rate,5
HVACTEMPLATE:ZONE:PTHP,Supplemental Heating Coil Capacity,34
HVACTEMPLATE:ZONE:UNITARY,Baseboard Heating Capacity,15
HVACTEMPLATE:ZONE:UNITARY,Supply Air Maximum Flow Rate,4
HVACTEMPLATE:ZONE:VAV,Baseboard Heating Capacity,26
HVACTEMPLATE:ZONE:VAV,Supply Air Maximum Flow Rate,4
HVACTEMPLATE:ZONE:VAV:FANPOWERED,Baseboard Heating Capacity,24
HVACTEMPLATE:ZONE:VAV:FANPOWERED,Parallel Fan On Flow Fraction,10
HVACTEMPLATE:ZONE:VAV:FANPOWERED,Primary Supply Air Maximum Flow Rate,4
HVACTEMPLATE:ZONE:VAV:FANPOWERED,Primary Supply Air Minimum Flow Fraction,7
HVACTEMPLATE:ZONE:VAV:FANPOWERED,Secondary Supply Air Maximum Flow Rate,8
HVACTEMPLATE:ZONE:VAV:HEATANDCOOL,Baseboard Heating Capacity,21
HVACTEMPLATE:ZONE:VAV:HEATANDCOOL,Supply Air Maximum Flow Rate,4
HVACTEMPLATE:ZONE:VRF,Baseboard Heating Capacity,44
HVACTEMPLATE:ZONE:VRF,Cooling Coil Gross Rated Sensible Heat Ratio,29
HVACTEMPLATE:ZONE:VRF,Cooling Coil Gross Rated Total Capacity,28
HVACTEMPLATE:ZONE:VRF,Cooling Outdoor Air Flow Rate,11
HVACTEMPLATE:ZONE:VRF,Cooling Supply Air Flow Rate,7
HVACTEMPLATE:ZONE:VRF,Heat Pump Heating Coil Gross Rated Capacity,32
HVACTEMPLATE:ZONE:VRF,Heating Outdoor Air Flow Rate,12
HVACTEMPLATE:ZONE:VRF,Heating Supply Air Flow Rate,9
HVACTEMPLATE:ZONE:VRF,No Cooling Supply Air Flow Rate,8
HVACTEMPLATE:ZONE:VRF,No Heating Supply Air Flow Rate,10
HVACTEMPLATE:ZONE:VRF,No Load Outdoor Air Flow Rate,13
HVACTEMPLATE:ZONE:WATERTOAIRHEATPUMP,Baseboard Heating Capacity,44
HVACTEMPLATE:ZONE:WATERTOAIRHEATPUMP,Cooling Coil Gross Rated Sensible Heat Ratio,20
HVACTEMPLATE:ZONE:WATERTOAIRHEATPUMP,Cooling Coil Gross Rated Total Capacity,19
HVACTEMPLATE:ZONE:WATERTOAIRHEATPUMP,Cooling Supply Air Flow Rate,3
HVACTEMPLATE:ZONE:WATERTOAIRHEATPUMP,Heat Pump Heating Coil Gross Rated Capacity,23
HVACTEMPLATE:ZONE:WATERTOAIRHEATPUMP,Heating Supply Air Flow Rate,4
HVACTEMPLATE:ZONE:WATERTOAIRHEATPUMP,No Load Supply Air Flow Rate,5
HVACTEMPLATE:ZONE:WATERTOAIRHEATPUMP,Supplemental Heating Coil Capacity,26
PlantCOMPONENT:TEMPERATURESOURCE,Design Volume Flow Rate,4
PlantEquipmentOperation:ComponentSetpoint,Component 1 Flow Rate,6
PlantEquipmentOperation:ComponentSetpoint,Component 10 Flow Rate,60
PlantEquipmentOperation:ComponentSetpoint,Component 2 Flow Rate,12
PlantEquipmentOperation:ComponentSetpoint,Component 3 Flow Rate,18
PlantEquipmentOperation:ComponentSetpoint,Component 4 Flow Rate,24
PlantEquipmentOperation:ComponentSetpoint,Component 5 Flow Rate,30
PlantEquipmentOperation:ComponentSetpoint,Component 6 Flow Rate,36
PlantEquipmentOperation:ComponentSetpoint,Component 7 Flow Rate,42
PlantEquipmentOperation:ComponentSetpoint,Component 8 Flow Rate,48
PlantEquipmentOperation:ComponentSetpoint,Component 9 Flow Rate,54
PlantEquipmentOperation:ThermalEnergyStorage,Component 1 Flow Rate,10
PlantEquipmentOperation:ThermalEnergyStorage,Component 10 Flow Rate,64
PlantEquipmentOperation:ThermalEnergyStorage,Component 2 Flow Rate,16
PlantEquipmentOperation:ThermalEnergyStorage,Component 3 Flow Rate,22
PlantEquipmentOperation:ThermalEnergyStorage,Component 4 Flow Rate,28
PlantEquipmentOperation:ThermalEnergyStorage,Component 5 Flow Rate,34
PlantEquipmentOperation:ThermalEnergyStorage,Component 6 Flow Rate,40
PlantEquipmentOperation:ThermalEnergyStorage,Component 7 Flow Rate,46
PlantEquipmentOperation:ThermalEnergyStorage,Component 8 Flow Rate,52
PlantEquipmentOperation:ThermalEnergyStorage,Component 9 Flow Rate,58
PlantLoop,Maximum Loop Flow Rate,8
PlantLoop,Plant Loop Volume,10
Pump:ConstantSpeed,Design Flow Rate,4
Pump:ConstantSpeed,Design Power Consumption,6
Pump:VariableSpeed,Design Maximum Flow Rate,4
Pump:VariableSpeed,Design Minimum Flow Rate,13
Pump:VariableSpeed,Design Power Consumption,6
Pump:VariableSpeed:Condensate,Design Power Consumption,6
Pump:VariableSpeed:Condensate,Design Steam Volume Flow Rate,4
Sizing:System,Central Heating Maximum System Air Flow Ratio,4
Sizing:System,Cooling Design Capacity,30
Sizing:System,Design Outdoor Air Flow Rate,3
Sizing:System,Heating Design Capacity,34
Sizing:Zone,Dedicated Outdoor Air High Setpoint Temperature for Design,27
Sizing:Zone,Dedicated Outdoor Air Low Setpoint Temperature for Design,26
SolarCollector:FlatPlate:PhotovoltaicThermal,Design Flow Rate,10
ThermalStorage:ChilledWater:Mixed,Source Side Design Flow Rate,21
ThermalStorage:ChilledWater:Mixed,Use Side Design Flow Rate,16
ThermalStorage:ChilledWater:Stratified,Source Side Design Flow Rate,29
ThermalStorage:ChilledWater:Stratified,Use Side Design Flow Rate,22
UnitarySystemPerformance:MultiSpeed,Cooling Speed 1 Supply Air Flow Ratio,7
UnitarySystemPerformance:MultiSpeed,Cooling Speed 10 Supply Air Flow Ratio,25
UnitarySystemPerformance:MultiSpeed,Cooling Speed 2 Supply Air Flow Ratio,9
UnitarySystemPerformance:MultiSpeed,Cooling Speed 3 Supply Air Flow Ratio,11
UnitarySystemPerformance:MultiSpeed,Cooling Speed 4 Supply Air Flow Ratio,13
UnitarySystemPerformance:MultiSpeed,Cooling Speed 5 Supply Air Flow Ratio,15
UnitarySystemPerformance:MultiSpeed,Cooling Speed 6 Supply Air Flow Ratio,17
UnitarySystemPerformance:MultiSpeed,Cooling Speed 7 Supply Air Flow Ratio,19
UnitarySystemPerformance:MultiSpeed,Cooling Speed 8 Supply Air Flow Ratio,21
UnitarySystemPerformance:MultiSpeed,Cooling Speed 9 Supply Air Flow Ratio,23
UnitarySystemPerformance:MultiSpeed,Heating Speed 1 Supply Air Flow Ratio,6
UnitarySystemPerformance:MultiSpeed,Heating Speed 10 Supply Air Flow Ratio,24
UnitarySystemPerformance:MultiSpeed,Heating Speed 2 Supply Air Flow Ratio,8
UnitarySystemPerformance:MultiSpeed,Heating Speed 3 Supply Air Flow Ratio,10
UnitarySystemPerformance:MultiSpeed,Heating Speed 4 Supply Air Flow Ratio,12
UnitarySystemPerformance:MultiSpeed,Heating Speed 5 Supply Air Flow Ratio,14
UnitarySystemPerformance:MultiSpeed,Heating Speed 6 Supply Air Flow Ratio,16
UnitarySystemPerformance:MultiSpeed,Heating Speed 7 Supply Air Flow Ratio,18
UnitarySystemPerformance:MultiSpeed,Heating Speed 8 Supply Air Flow Ratio,20
UnitarySystemPerformance:MultiSpeed,Heating Speed 9 Supply Air Flow Ratio,22
WATERHEATER:MIXED,Heater Maximum Capacity,7
WATERHEATER:MIXED,Source Side Design Flow Rate,38
WATERHEATER:MIXED,Tank Volume,2
WATERHEATER:MIXED,Use Side Design Flow Rate,37
WATERHEATER:STRATIFIED,Heater 1 Capacity,11
WATERHEATER:STRATIFIED,Source Side Design Flow Rate,50
WATERHEATER:STRATIFIED,Tank Height,4
WATERHEATER:STRATIFIED,Tank Volume,3
WATERHEATER:STRATIFIED,Use Side Design Flow Rate,49
ZoneHVAC:Baseboard:Convective:Electric,User-Specified Heating Design Capacity,nil
ZoneHVAC:Baseboard:Convective:Electric,Heating Design Capacity,4
ZONEHVAC:BASEBOARD:CONVECTIVE:ELECTRIC,Design Size Heating Design Capacity,4
ZoneHVAC:Baseboard:Convective:Water,Heating Design Capacity,6
ZoneHVAC:Baseboard:Convective:Water,Maximum Water Flow Rate,10
ZoneHVAC:Baseboard:Convective:Water,U-Factor Times Area Value,9
ZoneHVAC:Baseboard:RadiantConvective:Electric,Heating Design Capacity,4
ZoneHVAC:Baseboard:RadiantConvective:Steam,Heating Design Capacity,6
ZoneHVAC:Baseboard:RadiantConvective:Steam,Maximum Steam Flow Rate,10
ZoneHVAC:Baseboard:RadiantConvective:Water,U-Factor times Area,8
ZoneHVAC:Baseboard:RadiantConvective:Water,Heating Design Capacity,8
ZoneHVAC:Baseboard:RadiantConvective:Water,Maximum Water Flow Rate,11
ZoneHVAC:Baseboard:RadiantConvective:Water,Design Size Maximum Water Flow Rate,11
ZoneHVAC:CoolingPanel:RadiantConvective:Water,Cooling Design Capacity,9
ZoneHVAC:CoolingPanel:RadiantConvective:Water,Maximum Chilled Water Flow Rate,12
ZoneHVAC:EnergyRecoveryVentilator,Exhaust Air Flow Rate,5
ZoneHVAC:EnergyRecoveryVentilator,Supply Air Flow Rate,4
ZoneHVAC:EvaporativeCoolerUnit,Design Supply Air Flow Rate,9
ZoneHVAC:FourPipeFanCoil,Maximum Supply Air Flow Rate,4
ZoneHVAC:FourPipeFanCoil,Design Size Maximum Supply Air Flow Rate,4
ZoneHVAC:FourPipeFanCoil,Maximum Outdoor Air Flow Rate,7
ZoneHVAC:FourPipeFanCoil,Design Size Maximum Outdoor Air Flow Rate,7
ZoneHVAC:FourPipeFanCoil,Maximum Cold Water Flow Rate,17
ZoneHVAC:FourPipeFanCoil,Design Size Maximum Cold Water Flow,17
ZoneHVAC:FourPipeFanCoil,Maximum Hot Water Flow Rate,22
ZoneHVAC:FourPipeFanCoil,Design Size Maximum Hot Water Flow,22
ZoneHVAC:FourPipeFanCoil,Maximum Supply Air Temperature in Heating Mode,29
ZoneHVAC:FourPipeFanCoil,Minimum Supply Air Temperature in Cooling Mode,28
ZoneHVAC:HighTemperatureRadiant,Heating Design Capacity,5
ZoneHVAC:IdealLoadsAirSystem,Maximum Cooling Air Flow Rate,14
ZoneHVAC:IdealLoadsAirSystem,Maximum Heating Air Flow Rate,11
ZoneHVAC:IdealLoadsAirSystem,Maximum Sensible Heating Capacity,12
ZoneHVAC:IdealLoadsAirSystem,Maximum Total Cooling Capacity,15
ZoneHVAC:LowTemperatureRadiant:ConstantFlow,Hydronic Tubing Length,6
ZoneHVAC:LowTemperatureRadiant:ConstantFlow,Rated Flow Rate,8
ZoneHVAC:LowTemperatureRadiant:Electric,Heating Design Capacity,6
ZoneHVAC:LowTemperatureRadiant:VariableFlow,Cooling Design Capacity,18
ZoneHVAC:LowTemperatureRadiant:VariableFlow,Heating Design Capacity,9
ZoneHVAC:LowTemperatureRadiant:VariableFlow,Hydronic Tubing Length,6
ZoneHVAC:LowTemperatureRadiant:VariableFlow,Maximum Cold Water Flow,21
ZoneHVAC:LowTemperatureRadiant:VariableFlow,Maximum Hot Water Flow,12
ZoneHVAC:OutdoorAirUnit,Exhaust Air Flow Rate,9
ZoneHVAC:OutdoorAirUnit,Outdoor Air Flow Rate,4
ZoneHVAC:PackagedTerminalAirConditioner,Cooling Outdoor Air Flow Rate,10
ZoneHVAC:PackagedTerminalAirConditioner,Cooling Supply Air Flow Rate,7
ZoneHVAC:PackagedTerminalAirConditioner,Heating Outdoor Air Flow Rate,11
ZoneHVAC:PackagedTerminalAirConditioner,Heating Supply Air Flow Rate,8
ZoneHVAC:PackagedTerminalAirConditioner,Maximum Supply Air Temperature in Heating Mode,25
ZoneHVAC:PackagedTerminalAirConditioner,Minimum Supply Air Temperature in Cooling Mode,24
ZoneHVAC:PackagedTerminalAirConditioner,No Load Outdoor Air Flow Rate,12
ZoneHVAC:PackagedTerminalAirConditioner,No Load Supply Air Flow Rate,9
ZoneHVAC:PackagedTerminalHeatPump,User-Specified No Load Supply Air Flow Rate,nil
ZoneHVAC:PackagedTerminalHeatPump,Cooling Supply Air Flow Rate,7
ZoneHVAC:PackagedTerminalHeatPump,Design Size Cooling Supply Air Flow Rate,7
ZoneHVAC:PackagedTerminalHeatPump,Heating Supply Air Flow Rate,8
ZoneHVAC:PackagedTerminalHeatPump,Design Size Heating Supply Air Flow Rate,8
ZoneHVAC:PackagedTerminalHeatPump,No Load Supply Air Flow Rate,9
ZoneHVAC:PackagedTerminalHeatPump,Cooling Outdoor Air Flow Rate,10
ZoneHVAC:PackagedTerminalHeatPump,Design Size Outdoor Air Flow Rate During Cooling Operation,10
ZoneHVAC:PackagedTerminalHeatPump,Heating Outdoor Air Flow Rate,11
ZoneHVAC:PackagedTerminalHeatPump,Design Size Outdoor Air Flow Rate During Heating Operation,11
ZoneHVAC:PackagedTerminalHeatPump,No Load Outdoor Air Flow Rate,12
ZoneHVAC:PackagedTerminalHeatPump,Design Size Outdoor Air Flow Rate When No Cooling or Heating is Needed,12
ZoneHVAC:PackagedTerminalHeatPump,Maximum Supply Air Temperature from Supplemental Heater,23
ZoneHVAC:PackagedTerminalHeatPump,Design Size Maximum Supply Air Temperature from Supplemental Heater,23
ZoneHVAC:PackagedTerminalHeatPump,Minimum Supply Air Temperature in Cooling Mode,30
ZoneHVAC:PackagedTerminalHeatPump,Maximum Supply Air Temperature in Heating Mode,31
ZoneHVAC:TerminalUNIT:VARIABLEREFRIGERANTFLOW,Cooling Outdoor Air Flow Rate,9
ZoneHVAC:TerminalUNIT:VARIABLEREFRIGERANTFLOW,Cooling Supply Air Flow Rate,5
ZoneHVAC:TerminalUNIT:VARIABLEREFRIGERANTFLOW,Heating Outdoor Air Flow Rate,10
ZoneHVAC:TerminalUNIT:VARIABLEREFRIGERANTFLOW,Heating Supply Air Flow Rate,7
ZoneHVAC:TerminalUNIT:VARIABLEREFRIGERANTFLOW,No Cooling Supply Air Flow Rate,6
ZoneHVAC:TerminalUNIT:VARIABLEREFRIGERANTFLOW,No Heating Supply Air Flow Rate,8
ZoneHVAC:TerminalUNIT:VARIABLEREFRIGERANTFLOW,No Load Outdoor Air Flow Rate,11
ZoneHVAC:UNITHEATER,Maximum Hot Water or Steam Flow Rate,12
ZoneHVAC:UNITHEATER,Maximum Supply Air Flow Rate,7
ZoneHVAC:UNITVENTILATOR,Maximum Outdoor Air Flow Rate,7
ZoneHVAC:UNITVENTILATOR,Maximum Supply Air Flow Rate,3
ZoneHVAC:UNITVENTILATOR,Minimum Outdoor Air Flow Rate,5
ZoneHVAC:VENTILATEDSLAB,Maximum Air Flow Rate,5
ZoneHVAC:VENTILATEDSLAB,Maximum Outdoor Air Flow Rate,9
ZoneHVAC:VENTILATEDSLAB,Minimum Outdoor Air Flow Rate,7
ZoneHVAC:WATERTOAIRHEATPUMP,Cooling Outdoor Air Flow Rate,10
ZoneHVAC:WATERTOAIRHEATPUMP,Cooling Supply Air Flow Rate,7
ZoneHVAC:WATERTOAIRHEATPUMP,Heating Outdoor Air Flow Rate,11
ZoneHVAC:WATERTOAIRHEATPUMP,Heating Supply Air Flow Rate,8
ZoneHVAC:WATERTOAIRHEATPUMP,Maximum Supply Air Temperature from Supplemental Heater,25
ZoneHVAC:WATERTOAIRHEATPUMP,No Load Outdoor Air Flow Rate,12
ZoneHVAC:WATERTOAIRHEATPUMP,No Load Supply Air Flow Rate,9
ZoneHVAC:WINDOWAIRCONDITIONER,Maximum Outdoor Air Flow Rate,4
ZoneHVAC:WINDOWAIRCONDITIONER,Maximum Supply Air Flow Rate,3
